Accuracy,Precision,Recall,F1-score,Mean cross-validation score,True Positives,False Positives,False Negatives,True Negatives,length,entropy,vowel_count,consonant_count,digit_count,non_alphanumeric_count,english_word_count
0.84890625,0.8753709198813057,0.8184340320591862,0.8459455153735861,0.8493344028363807,2655,378,589,2778,0.20673078915750825,0.2544754830214703,0.12958133978194386,0.324746901986749,0.04027204333255953,0.03162393403766063,0.0125695086821084
