Accuracy,Precision,Recall,F1-score,Mean cross-validation score,True Positives,False Positives,False Negatives,True Negatives,length,entropy,vowel_count,consonant_count,digit_count,non_alphanumeric_count,english_word_count
0.8265625,0.8609607577807848,0.7845252774352651,0.8209677419354838,0.8238639924206907,2545,411,699,2745,0.006683672180907247,0.07880953411736452,0.06754803712069883,0.13441983745877475,0.08254236997039321,0.1560978424871583,0.4738987066647032
