Accuracy,Precision,Recall,F1-score,Mean cross-validation score,True Positives,False Positives,False Negatives,True Negatives,length,entropy,vowel_count,consonant_count,digit_count,non_alphanumeric_count,english_word_count
0.85203125,0.8816882685277501,0.8178175092478421,0.8485526947065408,0.8506780502812938,2653,356,591,2800,0.019807163609962146,0.04300247082240062,0.13078178956087966,0.7498143735001095,0.02297719373461561,0.02888040003308557,0.004736608738946964
