,Accuracy,Precision,Recall,F1-score,Mean cross-validation score,True Positives,False Positives,False Negatives,True Negatives,length,entropy,vowel_count,consonant_count,digit_count,non_alphanumeric_count,english_word_count
0,0.84140625,0.8514664143803217,0.8323057953144266,0.8417770849571318,0.8380211068135646,2700,471,544,2685,0.09804672240018757,0.03995624658176424,0.06850535198062355,0.27874052660364096,0.0301898585827018,0.008516290335182485,0.001640753183842536
